,count,mean,std,min,25%,50%,75%,max
x1,10000.0,24.883191153685992,5.752602530539856,15.000232695107323,19.926577379150398,24.850572347347978,29.800126965723713,34.99435346572261
x2,10000.0,55.317091367637424,20.250618547142505,20.01104212046397,37.77620610321035,55.41277435573006,72.9535454983702,89.99473787832235
x3,10000.0,25.002519728948982,14.338687865323266,0.0024061947155873,12.687395556839121,25.10340473303478,37.233692698982885,49.99504885046158
y,10000.0,154.16860231823242,33.62626327473028,60.44261832380628,131.5349516518811,157.65348913329183,177.642761919673,233.2151263247225
