metric,value
MSE,5.432562095456507
MAE,1.8574221157497537
R2,0.9948624364488503
